{
    "accuracy": [
        0.1027, 
        0.9489, 
        0.9591, 
        0.9645, 
        0.9666, 
        0.9694, 
        0.9684, 
        0.9724, 
        0.9689, 
        0.9726, 
        0.9727, 
        0.9726, 
        0.9727, 
        0.9728, 
        0.9737, 
        0.9728, 
        0.9757, 
        0.9742, 
        0.9733, 
        0.9739, 
        0.9732, 
        0.9732, 
        0.9741, 
        0.9745, 
        0.975, 
        0.9761, 
        0.9759
    ], 
    "accuracy_std": [
        0.0030356664836572547, 
        0.0022020170299069, 
        0.0019805855194866004, 
        0.0018503986057063493, 
        0.0017967871326342465, 
        0.001722313560301956, 
        0.001749326727629804, 
        0.0016382380779361714, 
        0.0017358798921584414, 
        0.001632459494137604, 
        0.0016295615974856543, 
        0.001632459494137604, 
        0.0016295615974856543, 
        0.0016266579234737693, 
        0.0016002596664291696, 
        0.0016266579234737693, 
        0.0015397892712965626, 
        0.0015853819729011688, 
        0.0016120517981752318, 
        0.0015943271307984452, 
        0.0016149848296501137, 
        0.0016149848296501137, 
        0.0015883699191309314, 
        0.001576380347505005, 
        0.0015612494995996006, 
        0.0015273765089197878, 
        0.001533596752735217
    ], 
    "learning_steps": [
        0, 
        10, 
        20, 
        30, 
        40, 
        50, 
        60, 
        70, 
        80, 
        90, 
        100, 
        110, 
        120, 
        130, 
        140, 
        150, 
        160, 
        170, 
        180, 
        190, 
        200, 
        210, 
        220, 
        230, 
        240, 
        250, 
        260
    ]
}