{
    "accuracy": [
        0.0957, 
        0.9445, 
        0.9564, 
        0.9618, 
        0.9647, 
        0.9695, 
        0.9679, 
        0.9727, 
        0.9691, 
        0.9703, 
        0.9729, 
        0.9711, 
        0.9734, 
        0.9729, 
        0.9731, 
        0.9731, 
        0.9746, 
        0.9737, 
        0.9743
    ], 
    "accuracy_std": [
        0.0029417938404993644, 
        0.002289535979188796, 
        0.002042034279829798, 
        0.0019167879381924344, 
        0.0018453701525710233, 
        0.0017195857059187237, 
        0.0017626568015356812, 
        0.0016295615974856543, 
        0.001730467855812412, 
        0.0016975838712711664, 
        0.0016237484411077982, 
        0.0016752549059769997, 
        0.0016091127990293256, 
        0.0016237484411077982, 
        0.0016179119259094436, 
        0.0016179119259094436, 
        0.0015733670900333445, 
        0.0016002596664291696, 
        0.0015823877527331894
    ], 
    "learning_steps": [
        0, 
        10, 
        20, 
        30, 
        40, 
        50, 
        60, 
        70, 
        80, 
        90, 
        100, 
        110, 
        120, 
        130, 
        140, 
        150, 
        160, 
        170, 
        180
    ]
}