{
    "accuracy": [
        0.1068, 
        0.3839, 
        0.7857, 
        0.8538, 
        0.8841, 
        0.8952, 
        0.9084, 
        0.9233, 
        0.9206, 
        0.9294, 
        0.933, 
        0.9364, 
        0.9422, 
        0.9419, 
        0.9415, 
        0.9438, 
        0.9472, 
        0.9463, 
        0.9478, 
        0.946, 
        0.9488, 
        0.946, 
        0.9541, 
        0.953, 
        0.956, 
        0.9552, 
        0.9558, 
        0.9564, 
        0.952, 
        0.9542, 
        0.956, 
        0.9581, 
        0.9575, 
        0.9598, 
        0.9584, 
        0.9618, 
        0.9622, 
        0.96, 
        0.9608, 
        0.9607, 
        0.962, 
        0.9637, 
        0.9616, 
        0.9646, 
        0.9661, 
        0.9642, 
        0.9662, 
        0.9646, 
        0.9659, 
        0.9646, 
        0.9652, 
        0.9682, 
        0.9672, 
        0.9683, 
        0.9676, 
        0.9677, 
        0.9687, 
        0.968, 
        0.9684, 
        0.9687, 
        0.9689, 
        0.9672, 
        0.9675, 
        0.9659, 
        0.9678, 
        0.9683, 
        0.9687, 
        0.9689, 
        0.9686, 
        0.972, 
        0.9681, 
        0.9698, 
        0.9697, 
        0.9669, 
        0.9692, 
        0.9705, 
        0.9698, 
        0.9701, 
        0.9702, 
        0.9718, 
        0.9696, 
        0.9697, 
        0.9706, 
        0.9705, 
        0.9684, 
        0.9693, 
        0.9702, 
        0.9698
    ], 
    "accuracy_std": [
        0.0030885880269145645, 
        0.004863340312994763, 
        0.004103358502495243, 
        0.0035330660905225084, 
        0.0032010496715921175, 
        0.003062955435523017, 
        0.0028846046522877267, 
        0.0026611484362958787, 
        0.0027036205355041973, 
        0.0025615549964816287, 
        0.0025002199903208515, 
        0.0024403901327451722, 
        0.002333648645362021, 
        0.002339324475142345, 
        0.002346864930071606, 
        0.00230307533528541, 
        0.0022363398668359866, 
        0.002254247324496582, 
        0.0022243012385915733, 
        0.002260176984220484, 
        0.0022040544457884895, 
        0.002260176984220484, 
        0.0020926822501278123, 
        0.0021163884331568254, 
        0.0020509509989270827, 
        0.00206864593393843, 
        0.002055391933427784, 
        0.002042034279829798, 
        0.0021376622745419836, 
        0.002090510942329648, 
        0.0020509509989270827, 
        0.0020036064982925173, 
        0.0020172691937369184, 
        0.001964280020770969, 
        0.0019967333322204028, 
        0.0019167879381924344, 
        0.0019071224396980902, 
        0.0019595917942265423, 
        0.001940705026530308, 
        0.0019430777133197733, 
        0.001911962342725401, 
        0.0018703558484951456, 
        0.0019215993338883102, 
        0.0018478863601423118, 
        0.0018097179338228382, 
        0.0018579117309495648, 
        0.0018071402823245373, 
        0.0018478863601423118, 
        0.0018148606007073948, 
        0.0018478863601423118, 
        0.0018327291125531892, 
        0.0017546726190375253, 
        0.0017811277326458088, 
        0.0017520019977157535, 
        0.0017705998983395422, 
        0.001767956730239741, 
        0.0017412728103315695, 
        0.00176, 
        0.001749326727629804, 
        0.0017412728103315695, 
        0.0017358798921584414, 
        0.0017811277326458088, 
        0.0017732385626305332, 
        0.0018148606007073948, 
        0.0017653090381006939, 
        0.0017520019977157535, 
        0.0017412728103315695, 
        0.0017358798921584414, 
        0.0017439621555526952, 
        0.001649727250184103, 
        0.0017573386127892382, 
        0.0017113725485702988, 
        0.0017141152236649674, 
        0.001788977082022014, 
        0.0017277546122062587, 
        0.001692032801100499, 
        0.0017113725485702988, 
        0.0017031144999676338, 
        0.0017003517283197636, 
        0.0016554383105389348, 
        0.0017168529348782333, 
        0.0017141152236649674, 
        0.0016892495375165854, 
        0.001692032801100499, 
        0.001749326727629804, 
        0.001725036521352517, 
        0.0017003517283197636, 
        0.0017113725485702988
    ], 
    "learning_steps": [
        0, 
        10, 
        20, 
        30, 
        40, 
        50, 
        60, 
        70, 
        80, 
        90, 
        100, 
        110, 
        120, 
        130, 
        140, 
        150, 
        160, 
        170, 
        180, 
        190, 
        200, 
        210, 
        220, 
        230, 
        240, 
        250, 
        260, 
        270, 
        280, 
        290, 
        300, 
        310, 
        320, 
        330, 
        340, 
        350, 
        360, 
        370, 
        380, 
        390, 
        400, 
        410, 
        420, 
        430, 
        440, 
        450, 
        460, 
        470, 
        480, 
        490, 
        500, 
        510, 
        520, 
        530, 
        540, 
        550, 
        560, 
        570, 
        580, 
        590, 
        600, 
        610, 
        620, 
        630, 
        640, 
        650, 
        660, 
        670, 
        680, 
        690, 
        700, 
        710, 
        720, 
        730, 
        740, 
        750, 
        760, 
        770, 
        780, 
        790, 
        800, 
        810, 
        820, 
        830, 
        840, 
        850, 
        860, 
        870
    ]
}