{
    "accuracy": [
        0.0987, 
        0.8308, 
        0.958, 
        0.9659, 
        0.9691, 
        0.9749, 
        0.9757, 
        0.9763, 
        0.9745, 
        0.9786, 
        0.9789, 
        0.9768, 
        0.9784, 
        0.9797, 
        0.9789
    ], 
    "accuracy_std": [
        0.0029825879702030586, 
        0.003749284731785518, 
        0.0020058913230780987, 
        0.0018148606007073948, 
        0.001730467855812412, 
        0.0015642886562268505, 
        0.0015397892712965626, 
        0.0015211281997254572, 
        0.001576380347505005, 
        0.0014471364828515655, 
        0.0014371774420717865, 
        0.0015053823434596268, 
        0.0014537345012071478, 
        0.0014102450141730695, 
        0.0014371774420717865
    ], 
    "learning_steps": [
        0, 
        10, 
        20, 
        30, 
        40, 
        50, 
        60, 
        70, 
        80, 
        90, 
        100, 
        110, 
        120, 
        130, 
        140
    ]
}