{
    "accuracy": [
        0.101, 
        0.9744, 
        0.9793, 
        0.9809, 
        0.9809, 
        0.981, 
        0.982, 
        0.9835, 
        0.9833, 
        0.9862, 
        0.9843, 
        0.985, 
        0.9846, 
        0.9831, 
        0.9854, 
        0.9857, 
        0.9845, 
        0.984, 
        0.9858, 
        0.9837, 
        0.986, 
        0.9855, 
        0.9841, 
        0.9858
    ], 
    "accuracy_std": [
        0.0030132872415353966, 
        0.0015793872229443913, 
        0.0014237805308403414, 
        0.0013687655021953182, 
        0.0013687655021953182, 
        0.001365247230357929, 
        0.0013295111883696214, 
        0.0012738818626544608, 
        0.0012814487894566844, 
        0.0011666001885821903, 
        0.0012431214743539771, 
        0.0012155245781143211, 
        0.0012313748413866515, 
        0.0012889681920047514, 
        0.001199451541330449, 
        0.001187245130543814, 
        0.0012353036064061298, 
        0.001254750971308649, 
        0.0011831466519413385, 
        0.0012662665596153125, 
        0.0011749042514179629, 
        0.0011953974234538065, 
        0.001250887285090069, 
        0.0011831466519413385
    ], 
    "learning_steps": [
        0, 
        10, 
        20, 
        30, 
        40, 
        50, 
        60, 
        70, 
        80, 
        90, 
        100, 
        110, 
        120, 
        130, 
        140, 
        150, 
        160, 
        170, 
        180, 
        190, 
        200, 
        210, 
        220, 
        230
    ]
}