{
    "accuracy": [
        0.0697, 
        0.8195, 
        0.9154, 
        0.9417, 
        0.9544, 
        0.9565, 
        0.9602, 
        0.9662, 
        0.9658, 
        0.9704, 
        0.967, 
        0.9688, 
        0.9707, 
        0.9728, 
        0.9728, 
        0.9734, 
        0.9721, 
        0.9749, 
        0.9736, 
        0.975, 
        0.9773, 
        0.9753, 
        0.9772, 
        0.9751, 
        0.9784, 
        0.9757, 
        0.9748, 
        0.9754, 
        0.9767, 
        0.9799, 
        0.978, 
        0.9781, 
        0.9796, 
        0.9764, 
        0.9783, 
        0.9806, 
        0.9804, 
        0.9796, 
        0.979, 
        0.9808, 
        0.9809, 
        0.9786, 
        0.9788, 
        0.9809
    ], 
    "accuracy_std": [
        0.0025464074693575655, 
        0.0038460336711994606, 
        0.002782855368142585, 
        0.002343098589475056, 
        0.0020861601089082306, 
        0.002039797784095275, 
        0.0019548902782509287, 
        0.0018071402823245373, 
        0.0018174256518493413, 
        0.00169481090390639, 
        0.0017863650242881499, 
        0.0017385787298825443, 
        0.0016864610876032673, 
        0.0016266579234737693, 
        0.0016266579234737693, 
        0.0016091127990293256, 
        0.0016468633823119644, 
        0.0015642886562268505, 
        0.0016032167663793942, 
        0.0015612494995996006, 
        0.0014894532553927295, 
        0.0015520924585861516, 
        0.0014926540121541895, 
        0.0015582037735803373, 
        0.0014537345012071478, 
        0.0015397892712965626, 
        0.0015673212816777538, 
        0.0015490267912466834, 
        0.0015085459886924237, 
        0.0014034240271564398, 
        0.0014668333238647116, 
        0.0014635706337584144, 
        0.0014136421046361054, 
        0.0015179934123704195, 
        0.0014570212764403975, 
        0.001379262121570806, 
        0.0013862121049824944, 
        0.0014136421046361054, 
        0.001433840995368733, 
        0.001372274025113059, 
        0.0013687655021953182, 
        0.0014471364828515655, 
        0.001440505466841413, 
        0.0013687655021953182
    ], 
    "learning_steps": [
        0, 
        10, 
        20, 
        30, 
        40, 
        50, 
        60, 
        70, 
        80, 
        90, 
        100, 
        110, 
        120, 
        130, 
        140, 
        150, 
        160, 
        170, 
        180, 
        190, 
        200, 
        210, 
        220, 
        230, 
        240, 
        250, 
        260, 
        270, 
        280, 
        290, 
        300, 
        310, 
        320, 
        330, 
        340, 
        350, 
        360, 
        370, 
        380, 
        390, 
        400, 
        410, 
        420, 
        430
    ]
}